{
  "Total" : {
    "transaction" : "Total",
    "sampleCount" : 30,
    "errorCount" : 1,
    "errorPct" : 3.3333333,
    "meanResTime" : 7442.700000000001,
    "medianResTime" : 7047.5,
    "minResTime" : 515.0,
    "maxResTime" : 17854.0,
    "pct1ResTime" : 17393.4,
    "pct2ResTime" : 17669.2,
    "pct3ResTime" : 17854.0,
    "throughput" : 0.8413495246375186,
    "receivedKBytesPerSec" : 155.38019467601035,
    "sentKBytesPerSec" : 0.16454518046947306
  },
  "Astronomy Picture of the Day" : {
    "transaction" : "Astronomy Picture of the Day",
    "sampleCount" : 10,
    "errorCount" : 0,
    "errorPct" : 0.0,
    "meanResTime" : 895.5,
    "medianResTime" : 867.0,
    "minResTime" : 817.0,
    "maxResTime" : 1052.0,
    "pct1ResTime" : 1049.4,
    "pct2ResTime" : 1052.0,
    "pct3ResTime" : 1052.0,
    "throughput" : 5.128205128205129,
    "receivedKBytesPerSec" : 10.096153846153847,
    "sentKBytesPerSec" : 0.8864182692307693
  },
  "Mars Rover Photos" : {
    "transaction" : "Mars Rover Photos",
    "sampleCount" : 10,
    "errorCount" : 0,
    "errorPct" : 0.0,
    "meanResTime" : 8270.4,
    "medianResTime" : 7533.0,
    "minResTime" : 4132.0,
    "maxResTime" : 17413.0,
    "pct1ResTime" : 16531.600000000002,
    "pct2ResTime" : 17413.0,
    "pct3ResTime" : 17413.0,
    "throughput" : 0.5729017473503294,
    "receivedKBytesPerSec" : 124.4359379475795,
    "sentKBytesPerSec" : 0.11927993411629907
  },
  "Earth Imagery" : {
    "transaction" : "Earth Imagery",
    "sampleCount" : 10,
    "errorCount" : 1,
    "errorPct" : 10.0,
    "meanResTime" : 13162.199999999997,
    "medianResTime" : 15429.0,
    "minResTime" : 515.0,
    "maxResTime" : 17854.0,
    "pct1ResTime" : 17820.4,
    "pct2ResTime" : 17854.0,
    "pct3ResTime" : 17854.0,
    "throughput" : 0.3274394237066143,
    "receivedKBytesPerSec" : 109.64881482277342,
    "sentKBytesPerSec" : 0.0673425221021611
  }
}